date,iso_week,open,high,low,close,volume,market_capitalization,close_point_relative_normalization,volume_point_relative_normalization
2016-01-01,2016-00,430.72,436.25,427.51,434.33,36278900.0,6473530000.0,0.0,0.0
2016-01-02,2016-00,434.62,436.06,431.87,433.44,30096600.0,6533630000.0,-0.0020491331476065744,-0.1704103487150933
2016-01-03,2016-01,433.58,433.74,424.71,430.01,39633800.0,6519500000.0,0.0,0.0
2016-01-04,2016-01,430.06,434.52,429.08,433.09,38477500.0,6468180000.0,0.007162624125020223,-0.029174593402600757
2016-01-05,2016-01,433.07,434.18,429.68,431.96,34522600.0,6515380000.0,0.0045347782609705956,-0.1289606346098532
2016-01-06,2016-01,431.86,431.86,426.34,429.11,34042500.0,6498830000.0,-0.0020929745819864287,-0.1410740327700094
2016-01-07,2016-01,430.01,458.77,429.08,458.05,87562200.0,6472580000.0,0.06520778586544496,1.2092809672552214
2016-01-08,2016-01,457.54,462.93,447.94,453.23,56993000.0,6888600000.0,0.05399874421525097,0.43798979658776105
2016-01-09,2016-01,453.38,454.64,446.89,447.61,32278000.0,6828000000.0,0.04092928071440194,-0.18559411411472027
2016-01-10,2016-02,448.24,448.31,440.35,447.99,35995900.0,6752210000.0,0.0,0.0
2016-01-11,2016-02,448.7,450.66,443.86,448.43,40450000.0,6761090000.0,0.0009821647804637568,0.12373909250775772
2016-01-12,2016-02,448.18,448.18,435.69,435.69,115607000.0,6755220000.0,-0.02745596999933042,2.2116713292347185
2016-01-13,2016-02,434.67,435.19,424.44,432.37,173888000.0,6553350000.0,-0.034866849706466696,3.8307723935225955
2016-01-14,2016-02,432.29,433.32,427.85,430.31,43945500.0,6519110000.0,-0.03946516663318378,0.22084737428429357
2016-01-15,2016-02,430.25,430.25,364.33,364.33,153351000.0,6489870000.0,-0.18674523984910385,3.260235193452588
2016-01-16,2016-02,365.07,390.56,354.91,387.54,120352000.0,5507790000.0,-0.13493604767963563,2.343491897688348
2016-01-17,2016-03,387.15,390.96,380.09,382.3,45319600.0,5842270000.0,0.0,0.0
2016-01-18,2016-03,381.73,388.1,376.67,387.17,54403900.0,5761940000.0,0.012738686895108486,0.20044969505467836
2016-01-19,2016-03,387.03,387.73,378.97,380.15,46819800.0,5843510000.0,-0.00562385561077694,0.03310267522219967
2016-01-20,2016-03,379.74,425.27,376.6,420.23,121720000.0,5734760000.0,0.09921527596128699,1.6858136435449564
2016-01-21,2016-03,419.63,422.88,406.3,410.26,68338000.0,6338800000.0,0.07313628040805642,0.5079126911976275
2016-01-22,2016-03,409.75,410.41,375.28,382.49,91546600.0,6190940000.0,0.0004969918911850169,1.020022242032145
2016-01-23,2016-03,382.43,394.54,381.98,387.49,56247400.0,5779890000.0,0.013575725869735766,0.24112745920087564
2016-01-24,2016-04,388.1,405.49,387.51,402.97,54824800.0,5867300000.0,0.0,0.0
2016-01-25,2016-04,402.32,402.32,388.55,391.73,59062400.0,6083900000.0,-0.027892895252748406,0.07729348761874189
2016-01-26,2016-04,392.0,397.77,390.57,392.15,58147000.0,5929520000.0,-0.026850634042236532,0.060596664283317114
2016-01-27,2016-04,392.44,396.84,391.78,394.97,47424400.0,5937780000.0,-0.0198525944859419,-0.1349827085552524
2016-01-28,2016-04,395.15,395.5,379.74,380.29,59247900.0,5980180000.0,-0.05628210536764522,0.08067699289372698
2016-01-29,2016-04,380.11,384.38,365.45,379.47,86125300.0,5753970000.0,-0.05831699630245424,0.570918635362099
2016-01-30,2016-04,378.87,380.92,376.49,378.25,30284400.0,5736760000.0,-0.061344516961560513,-0.44761494797974644
2016-01-31,2016-05,378.29,380.35,367.83,368.77,37894300.0,5729870000.0,0.0,0.0
2016-02-01,2016-05,369.35,378.07,367.96,373.06,51656700.0,5596090000.0,0.011633267348211573,0.36317863108699733
2016-02-02,2016-05,372.92,375.88,372.92,374.45,40378700.0,5651690000.0,0.015402554437725424,0.06556131133178345
2016-02-03,2016-05,374.65,374.95,368.05,369.95,45933400.0,5679530000.0,0.003199826450090759,0.21214536223125902
2016-02-04,2016-05,370.17,391.61,369.99,389.59,69285500.0,5613380000.0,0.05645795482278926,0.8283884383667202
2016-02-05,2016-05,388.9,391.09,385.57,386.55,43825000.0,5898960000.0,0.04821433413780962,0.15650638750418921
2016-02-06,2016-05,386.59,386.63,372.39,376.52,49249300.0,5865740000.0,0.021015809312037392,0.2996492876237322
2016-02-07,2016-06,376.51,380.87,374.9,376.62,37076300.0,5714760000.0,0.0,0.0
2016-02-08,2016-06,376.76,379.88,373.33,373.45,47671100.0,5720100000.0,-0.00841697201423186,0.28575666935481703
2016-02-09,2016-06,373.42,377.25,372.9,376.03,55318500.0,5670880000.0,-0.0015665657692104373,0.4920178119175862
2016-02-10,2016-06,376.15,385.48,375.78,381.65,85130900.0,5713880000.0,0.013355636981572827,1.2961002041735554
2016-02-11,2016-06,382.11,383.13,376.4,379.65,74375600.0,5806110000.0,0.008045244543571695,1.0060146238972068
2016-02-12,2016-06,379.69,384.95,379.6,384.26,67042800.0,5771040000.0,0.020285699113164357,0.8082386861687925
2016-02-13,2016-06,384.64,391.86,384.64,391.86,61911700.0,5847990000.0,0.040465190377569016,0.6698456965770587
2016-02-14,2016-07,392.93,407.23,392.93,407.23,74469800.0,5975580000.0,0.0,0.0
2016-02-15,2016-07,407.57,410.38,397.75,400.19,74070500.0,6199850000.0,-0.017287527932618008,-0.005361905094414143
2016-02-16,2016-07,401.43,408.94,401.43,407.49,73093100.0,6108040000.0,0.0006384598384205908,-0.018486688563686182
2016-02-17,2016-07,407.66,421.17,406.78,416.32,83193600.0,6204150000.0,0.022321538197087598,0.11714547373566186
2016-02-18,2016-07,416.57,426.0,415.64,422.37,76752600.0,6341430000.0,0.03717800751418121,0.03065403693846358
2016-02-19,2016-07,422.73,423.1,417.6,420.79,55711300.0,6436980000.0,0.03329813618839483,-0.25189405638258733
2016-02-20,2016-07,421.6,441.98,421.6,437.16,93992100.0,6421310000.0,0.07349654986125786,0.26215056304703377
2016-02-21,2016-08,437.77,448.05,429.08,438.8,89820700.0,6669260000.0,0.0,0.0
2016-02-22,2016-08,438.99,439.05,432.92,437.75,85385200.0,6689200000.0,-0.0023928896991796123,-0.04938171267870328
2016-02-23,2016-08,438.25,439.86,417.82,420.74,85244900.0,6679400000.0,-0.04115770282588882,-0.05094371342018045
2016-02-24,2016-08,420.96,425.55,413.91,424.95,67743700.0,6417190000.0,-0.031563354603464044,-0.2457896676378608
2016-02-25,2016-08,425.04,427.72,420.42,424.54,70798000.0,6480650000.0,-0.03249772105742932,-0.21178525662792658
2016-02-26,2016-08,424.63,432.15,421.62,432.15,61486000.0,6476080000.0,-0.0151549680948041,-0.31545846336089567
2016-02-27,2016-08,432.84,434.23,428.1,432.52,41893600.0,6602810000.0,-0.014311759343664576,-0.5335863559290899
2016-02-28,2016-09,432.57,435.68,423.82,433.5,53033400.0,6600310000.0,0.0,0.0
2016-02-29,2016-09,433.44,441.51,431.69,437.7,60694700.0,6614980000.0,0.009688581314878819,0.14446179200277554
2016-03-01,2016-09,437.92,439.65,432.32,435.12,74895800.0,6684800000.0,0.003737024221453389,0.4122383252818036
2016-03-02,2016-09,435.13,435.92,423.99,423.99,74955300.0,6643810000.0,-0.021937716262975804,0.4133602597608299
2016-03-03,2016-09,423.91,425.37,419.41,421.65,100484000.0,6474150000.0,-0.02733564013840839,0.8947304905964921
2016-03-04,2016-09,421.84,425.18,410.94,410.94,90856100.0,6443890000.0,-0.05204152249134952,0.7131864070566851
2016-03-05,2016-09,410.78,411.26,394.04,400.57,135385000.0,6276610000.0,-0.07596309111880051,1.5528252007225634
2016-03-06,2016-10,400.52,411.91,395.78,407.71,91212500.0,6121400000.0,0.0,0.0
2016-03-07,2016-10,407.76,415.92,406.31,414.32,85762400.0,6233430000.0,0.016212503985676197,-0.05975167877209808
2016-03-08,2016-10,414.46,416.24,411.09,413.97,70311700.0,6337370000.0,0.015354050673272779,-0.22914403179388787
2016-03-09,2016-10,413.89,416.03,411.61,414.86,70012300.0,6330230000.0,0.017536974810527184,-0.23242647663423321
2016-03-10,2016-10,414.74,417.51,413.25,417.13,81022900.0,6344960000.0,0.02310465772240078,-0.11171275866794572
2016-03-11,2016-10,417.24,423.93,417.01,421.69,73969700.0,6384740000.0,0.03428907802114245,-0.18903987940249423
2016-03-12,2016-10,421.61,421.8,410.09,411.62,92712900.0,6453260000.0,0.00959014986142126,0.016449499794435996
2016-03-13,2016-11,411.65,416.6,411.64,414.06,74322800.0,6302330000.0,0.0,0.0
2016-03-14,2016-11,414.2,416.68,414.2,416.44,95259400.0,6342780000.0,0.005747959232961453,0.28169821373791093
2016-03-15,2016-11,416.39,418.13,414.99,416.83,66781700.0,6377870000.0,0.006689851712312178,-0.10146415366482431
2016-03-16,2016-11,416.89,417.69,415.91,417.01,65185800.0,6387190000.0,0.007124571318166462,-0.1229367031382026
2016-03-17,2016-11,417.89,421.0,417.89,420.62,83528600.0,6404130000.0,0.015843114524465074,0.12386239485057082
2016-03-18,2016-11,420.55,420.55,406.14,409.55,104940000.0,6446330000.0,-0.010892141235569697,0.41194895778953433
2016-03-19,2016-11,409.26,410.98,407.23,410.44,58423000.0,6274790000.0,-0.008742694295512776,-0.21392896930686145
2016-03-20,2016-12,410.4,414.63,410.4,413.75,45947900.0,6293610000.0,0.0,0.0
2016-03-21,2016-12,413.42,413.42,410.38,413.31,61655400.0,6341380000.0,-0.0010634441087613578,0.3418545787729146
2016-03-22,2016-12,413.13,418.38,412.53,418.09,66813300.0,6338430000.0,0.01048942598187308,0.45410998108727485
2016-03-23,2016-12,418.16,419.27,417.36,418.04,61444200.0,6417130000.0,0.01036858006042296,0.3372580683774449
2016-03-24,2016-12,418.42,418.68,415.49,416.39,68346700.0,6422730000.0,0.0063806646525679245,0.4874825617710494
2016-03-25,2016-12,416.51,418.08,415.56,417.18,52560000.0,6394850000.0,0.008290030211480337,0.14390429159983364
2016-03-26,2016-12,417.37,418.99,416.26,417.94,44650400.0,6409500000.0,0.010126888217522723,-0.028238504915349738
2016-03-27,2016-13,418.14,428.8,417.71,426.76,71229400.0,6423040000.0,0.0,0.0
2016-03-28,2016-13,426.55,426.86,423.29,424.23,68522800.0,6553700000.0,-0.005928390664542094,-0.037998354612000074
2016-03-29,2016-13,424.3,426.2,412.68,416.52,75411500.0,6521010000.0,-0.02399475114818639,0.058713115651683134
2016-03-30,2016-13,416.83,416.83,412.5,414.82,66034100.0,6407840000.0,-0.02797825475677196,-0.07293757914568988
2016-03-31,2016-13,415.26,418.37,415.26,416.73,60215200.0,6385140000.0,-0.023502671290655086,-0.15462997020893055
2016-04-01,2016-13,416.76,418.17,415.83,417.96,51235700.0,6409540000.0,-0.020620489267972664,-0.28069448851176626
2016-04-02,2016-13,418.42,422.08,418.42,420.87,45681200.0,6436700000.0,-0.01380166838504071,-0.35867492917250465
2016-04-03,2016-14,421.17,421.58,419.7,420.9,38053700.0,6480470000.0,0.0,0.0
2016-04-04,2016-14,421.3,422.34,419.6,421.44,50634300.0,6483910000.0,0.0012829650748396038,0.3306012293154148
2016-04-05,2016-14,421.02,424.26,420.61,424.03,60718000.0,6481350000.0,0.0074364457115705385,0.5955872884896869
2016-04-06,2016-14,424.28,424.53,422.73,423.41,59091000.0,6533260000.0,0.005963411736754631,0.5528319191037927
2016-04-07,2016-14,423.62,423.66,420.52,422.75,57858600.0,6524680000.0,0.0043953433119505725,0.5204461064232913
2016-04-08,2016-14,422.91,425.36,419.63,420.35,63454700.0,6515190000.0,-0.0013067236873365307,0.6675040797609693
2016-04-09,2016-14,420.81,420.89,416.51,419.41,49792700.0,6484410000.0,-0.0035400332620574293,0.3084851144566756
2016-04-10,2016-15,419.59,422.44,419.26,421.56,73478600.0,6467330000.0,0.0,0.0
2016-04-11,2016-15,421.87,422.74,420.53,422.48,50747500.0,6504290000.0,0.0021823702438561465,-0.3093567378801447
2016-04-12,2016-15,422.84,427.28,422.84,425.19,70728800.0,6520870000.0,0.008610873896954141,-0.037423140887278716
2016-04-13,2016-15,425.63,426.66,422.92,423.73,69060400.0,6565470000.0,0.0051475472056172755,-0.06012907159363412
2016-04-14,2016-15,423.94,425.37,423.01,424.28,45281000.0,6541030000.0,0.00645222506879195,-0.38375254836101935
2016-04-15,2016-15,424.43,429.93,424.43,429.71,54801500.0,6550350000.0,0.019332953790682117,-0.2541842114574856
2016-04-16,2016-15,429.57,432.63,428.98,430.57,39392800.0,6631310000.0,0.021372995540373863,-0.4638874447798407
2016-04-17,2016-16,430.64,431.37,426.08,427.4,52125900.0,6649170000.0,0.0,0.0
2016-04-18,2016-16,427.61,429.27,427.09,428.59,55670900.0,6604150000.0,0.0027842770238653003,0.06800841808007152
2016-04-19,2016-16,428.7,436.02,428.1,435.51,52810500.0,6622450000.0,0.01897519887693022,0.013133586182684676
2016-04-20,2016-16,435.32,443.05,434.41,441.39,72890100.0,6726370000.0,0.032732802994852594,0.39834707889935705
2016-04-21,2016-16,441.42,450.55,440.95,449.43,68204700.0,6822320000.0,0.05154422087037913,0.3084608611074342
2016-04-22,2016-16,449.69,449.81,444.15,445.74,58804400.0,6951860000.0,0.04291062236780552,0.1281224880529641
2016-04-23,2016-16,445.86,450.28,444.33,450.28,50485400.0,6894280000.0,0.05353299017313984,-0.03147187866300627
2016-04-24,2016-17,450.56,460.15,448.93,458.56,68198400.0,6968570000.0,0.0,0.0
2016-04-25,2016-17,459.12,466.62,453.59,461.43,87091800.0,7102490000.0,0.006258722958827567,0.2770358248873874
2016-04-26,2016-17,461.65,467.96,461.62,466.09,78971900.0,7143060000.0,0.01642096999302156,0.1579729143205706
2016-04-27,2016-17,466.26,467.08,444.13,444.69,93564900.0,7216190000.0,-0.030246859734822107,0.3719515413851351
2016-04-28,2016-17,445.04,449.55,436.65,449.01,74064700.0,6889170000.0,-0.02082606420097699,0.08601814705330324
2016-04-29,2016-17,449.41,455.38,446.02,455.1,49258500.0,6958330000.0,-0.007545359385903616,-0.2777176590653153
2016-04-30,2016-17,455.18,455.59,447.7,448.32,69322600.0,7049460000.0,-0.022330774598743885,0.016484257695195126
2016-05-01,2016-18,448.48,452.48,447.93,451.88,40660100.0,6947430000.0,0.0,0.0
2016-05-02,2016-18,451.93,452.44,441.78,444.67,92127000.0,7002610000.0,-0.015955563423917796,1.2657839011709267
2016-05-03,2016-18,444.73,451.1,442.62,450.3,59366400.0,6892690000.0,-0.0034965034965034336,0.46006527283503984
2016-05-04,2016-18,450.18,450.38,445.63,446.72,50407300.0,6978950000.0,-0.011418960786049315,0.23972395542558922
2016-05-05,2016-18,446.71,448.51,445.88,447.98,50440800.0,6926990000.0,-0.008630609896432606,0.24054785895755293
2016-05-06,2016-18,447.94,461.38,447.07,459.6,72796800.0,6947800000.0,0.01708418164114378,0.7903743473331348
2016-05-07,2016-18,459.64,460.68,457.32,458.54,38364500.0,7131120000.0,0.014738426130831206,-0.056458296954508214
2016-05-08,2016-19,458.43,459.42,455.98,458.55,40315000.0,7114060000.0,0.0,0.0
2016-05-09,2016-19,458.21,462.48,456.53,460.48,55493100.0,7112510000.0,0.0042089194199106394,0.37648765968001974
2016-05-10,2016-19,460.52,461.93,448.95,450.89,58956100.0,7150370000.0,-0.01670483044379023,0.46238620860721813
2016-05-11,2016-19,450.86,454.58,450.86,452.73,50605200.0,7002230000.0,-0.01269218187765786,0.25524494604985737
2016-05-12,2016-19,452.45,454.95,449.25,454.77,59849300.0,7028330000.0,-0.008243375858685065,0.484541733845963
2016-05-13,2016-19,454.85,457.06,453.45,455.67,60845000.0,7067270000.0,-0.006280667320902822,0.5092397370705692
2016-05-14,2016-19,455.82,456.84,454.79,455.67,37209000.0,7084100000.0,-0.006280667320902822,-0.07704328413741779
2016-05-15,2016-20,455.76,458.69,455.46,457.57,28514000.0,7084760000.0,0.0,0.0
2016-05-16,2016-20,457.59,458.2,452.94,454.16,59171500.0,7114740000.0,-0.007452411652861812,1.075173598933857
2016-05-17,2016-20,454.01,455.07,453.61,453.78,64100300.0,7060730000.0,-0.008282885678694063,1.2480290383671178
2016-05-18,2016-20,453.69,456.0,453.3,454.62,86850100.0,7057390000.0,-0.006447100990012444,2.0458757101774565
2016-05-19,2016-20,454.52,454.63,438.71,438.71,96027400.0,7072090000.0,-0.04121773717682542,2.3677281335484324
2016-05-20,2016-20,437.79,444.05,437.39,442.68,81987900.0,6813080000.0,-0.032541469064842454,1.8753559654906362
2016-05-21,2016-20,442.97,443.78,441.71,443.19,42762300.0,6895230000.0,-0.031426885503857305,0.4996948867223119
2016-05-22,2016-21,443.22,443.43,439.04,439.32,39657600.0,6900700000.0,0.0,0.0
2016-05-23,2016-21,439.35,444.35,438.82,444.15,50582500.0,6842470000.0,0.010994263862332598,0.2754806140563222
2016-05-24,2016-21,444.29,447.1,443.93,445.98,65783100.0,6921460000.0,0.015159792406446382,0.6587766279351246
2016-05-25,2016-21,446.06,450.3,446.06,449.6,65231000.0,6950690000.0,0.02339979969043071,0.6448549584442831
2016-05-26,2016-21,449.67,453.64,447.9,453.38,65203800.0,7008500000.0,0.03200400619138666,0.6441690873880417
2016-05-27,2016-21,453.52,478.15,453.52,473.46,164781000.0,7070010000.0,0.07771100792133301,3.1550925925925926
2016-05-28,2016-21,473.03,533.47,472.7,530.04,181199000.0,7375780000.0,0.2065009560229445,3.5690863794077305
2016-05-29,2016-22,527.48,553.96,512.18,526.23,148737000.0,8226500000.0,0.0,0.0
2016-05-30,2016-22,528.47,544.35,522.96,533.86,87958700.0,8243960000.0,0.014499363396233589,-0.4086293255881186
2016-05-31,2016-22,534.19,546.62,520.66,531.39,138450000.0,8335100000.0,0.009805598312524921,-0.0691623469614151
2016-06-01,2016-22,531.11,543.08,525.64,536.92,86061800.0,8288680000.0,0.020314311232730864,-0.42138270907709585
2016-06-02,2016-22,536.51,540.35,533.08,537.97,60378200.0,8375000000.0,0.022309636470744687,-0.5940606574019914
2016-06-03,2016-22,537.68,574.64,536.92,569.19,122020000.0,8395070000.0,0.08163730688102167,-0.17962578242132088
2016-06-04,2016-22,569.71,590.13,564.24,572.73,94925300.0,8897080000.0,0.08836440339775375,-0.3617909464356549
2016-06-05,2016-23,573.31,582.81,569.18,574.98,68874100.0,8955060000.0,0.0,0.0
2016-06-06,2016-23,574.6,586.47,574.6,585.54,72138900.0,8977700000.0,0.01836585620369391,0.04740243429678204
2016-06-07,2016-23,585.45,590.26,567.51,576.6,107770000.0,9149580000.0,0.002817489303975851,0.5647391399669832
2016-06-08,2016-23,577.17,582.84,573.13,581.64,80265800.0,9022250000.0,0.01158301158301156,0.16539889450461054
2016-06-09,2016-23,582.2,582.2,570.95,574.63,71301000.0,9103080000.0,-0.000608716824933131,0.035236758084679076
2016-06-10,2016-23,575.84,579.13,573.33,577.47,66991900.0,9005920000.0,0.004330585411666421,-0.02732812479582314
2016-06-11,2016-23,578.67,607.12,578.67,606.73,82357000.0,9052360000.0,0.055219311976068663,0.19576154171161586
2016-06-12,2016-24,609.68,684.84,607.04,672.78,277085000.0,9539850000.0,0.0,0.0
2016-06-13,2016-24,671.65,716.0,664.49,704.38,243295000.0,10511900000.0,0.04696929159606422,-0.12194813865781262
2016-06-14,2016-24,704.5,704.5,662.8,685.56,186694000.0,11028900000.0,0.018995808436635953,-0.32622119566198093
2016-06-15,2016-24,685.68,696.3,672.56,694.47,99223800.0,10736600000.0,0.032239365022741495,-0.6419012216467871
2016-06-16,2016-24,696.52,773.72,696.52,766.31,271634000.0,10908900000.0,0.13902018490442636,-0.01967266362307596
2016-06-17,2016-24,768.49,775.36,716.56,748.91,363321000.0,12038900000.0,0.11315734712684677,0.3112257971380623
2016-06-18,2016-24,748.76,777.99,733.93,756.23,252718000.0,11732600000.0,0.12403757543327698,-0.08794052366602301
2016-06-19,2016-25,756.69,766.62,745.63,763.78,136185000.0,11859800000.0,0.0,0.0
2016-06-20,2016-25,763.93,764.08,732.73,737.23,174511000.0,11976700000.0,-0.03476131870433885,0.28142600139516105
2016-06-21,2016-25,735.88,735.88,639.07,666.65,309944000.0,11540000000.0,-0.12717012752363244,1.275904101039028
2016-06-22,2016-25,665.91,678.67,587.48,596.12,266393000.0,10445300000.0,-0.21951347246589326,0.9561111723023827
2016-06-23,2016-25,597.44,629.33,558.14,623.98,253462000.0,9373190000.0,-0.18303700018329883,0.861159452215736
2016-06-24,2016-25,625.58,681.73,625.27,665.3,224317000.0,9816730000.0,-0.12893765220351416,0.6471490986525681
2016-06-25,2016-25,665.28,691.73,646.56,665.12,126656000.0,10442000000.0,-0.12917332216083166,-0.06997099533722506
2016-06-26,2016-26,665.93,665.98,616.93,629.37,109225000.0,10454900000.0,0.0,0.0
2016-06-27,2016-26,629.35,655.27,620.52,655.27,122134000.0,9882840000.0,0.04115226337448563,0.11818722819867244
2016-06-28,2016-26,658.1,659.25,637.77,647.0,138385000.0,10336800000.0,0.02801213912325018,0.26697184710460053
2016-06-29,2016-26,644.12,644.68,628.28,639.89,142456000.0,10119600000.0,0.016715127826238962,0.30424353398947135
2016-06-30,2016-26,640.59,675.4,636.61,673.34,138980000.0,10066400000.0,0.0698635143079589,0.27241931792172114
2016-07-01,2016-26,672.51,686.15,669.59,676.3,134431000.0,10570600000.0,0.07456663012218567,0.2307713435568779
2016-07-02,2016-26,676.73,703.7,676.4,703.7,112354000.0,10639600000.0,0.11810222921334046,0.028647287708857938
2016-07-03,2016-27,704.97,704.97,649.01,658.66,129512000.0,11086100000.0,0.0,0.0
2016-07-04,2016-27,658.8,683.66,650.51,683.66,92008400.0,10362700000.0,0.03795584975556432,-0.2895762554821175
2016-07-05,2016-27,683.21,683.49,665.07,670.63,130476000.0,10749100000.0,0.018173260862964336,0.007443325714991733
2016-07-06,2016-27,670.42,681.9,670.42,677.33,134961000.0,10550300000.0,0.02834542859745559,0.04207332139106801
2016-07-07,2016-27,678.09,682.43,611.83,640.56,258091000.0,10673400000.0,-0.027480035223028554,0.9927960343443079
2016-07-08,2016-27,640.69,666.71,636.47,666.52,141970000.0,10086900000.0,0.011933319163149436,0.096191858669467
2016-07-09,2016-27,666.38,666.38,633.4,650.96,180536000.0,10493800000.0,-0.011690401724713695,0.3939712150225463
2016-07-10,2016-28,650.6,652.29,641.26,649.36,102532000.0,10247300000.0,0.0,0.0
2016-07-11,2016-28,648.48,659.63,644.98,647.66,107910000.0,10215200000.0,-0.0026179623013429243,0.05245191745016187
2016-07-12,2016-28,648.28,675.26,646.78,664.55,138173000.0,10213100000.0,0.02339226315141052,0.34760855147661207
2016-07-13,2016-28,664.8,668.7,654.47,654.47,131449000.0,10474500000.0,0.007869286682271825,0.2820290250848516
2016-07-14,2016-28,652.92,662.9,652.92,658.08,98511400.0,10288400000.0,0.013428606628064665,-0.039213123707720565
2016-07-15,2016-28,659.17,667.08,659.04,663.25,81673100.0,10387900000.0,0.021390291979795473,-0.20343795107868767
2016-07-16,2016-28,663.78,666.46,659.33,660.77,50330200.0,10461700000.0,0.017571146975483565,-0.5091269067218039
2016-07-17,2016-29,661.99,682.37,661.99,679.46,74407900.0,10434700000.0,0.0,0.0
2016-07-18,2016-29,679.81,681.55,668.63,673.11,69465000.0,10716800000.0,-0.00934565684514177,-0.06642977425784091
2016-07-19,2016-29,672.74,673.28,667.63,672.86,61203300.0,10606500000.0,-0.009713596091013521,-0.17746233934837563
2016-07-20,2016-29,672.81,672.93,663.36,665.68,94636400.0,10608600000.0,-0.020280811232449403,0.2718595740506049
2016-07-21,2016-29,665.23,666.22,660.41,665.01,60491800.0,10490300000.0,-0.021266888411385576,-0.18702449605485438
2016-07-22,2016-29,664.92,666.58,646.72,650.62,134169000.0,10486600000.0,-0.04244547140376187,0.8031553101216402
2016-07-23,2016-29,650.73,656.37,648.52,655.56,69532200.0,10263700000.0,-0.03517499190533668,-0.06552664434824795
2016-07-24,2016-30,655.41,663.11,652.79,661.28,118184000.0,10338600000.0,0.0,0.0
2016-07-25,2016-30,661.26,661.83,653.39,654.1,78176500.0,10431900000.0,-0.010857730462134008,-0.3385187504230691
2016-07-26,2016-30,654.23,656.23,645.88,651.78,225135000.0,10321900000.0,-0.014366077909508834,0.9049532931699722
2016-07-27,2016-30,651.63,657.46,648.45,654.35,147461000.0,10281900000.0,-0.010479675780304842,0.2477238881743722
2016-07-28,2016-30,654.49,657.6,654.49,655.03,86428400.0,10328100000.0,-0.009451367045729464,-0.2686962702227036
2016-07-29,2016-30,655.11,657.8,654.79,656.99,60703500.0,10338900000.0,-0.006487418340188622,-0.4863644825018615
2016-07-30,2016-30,657.01,658.22,654.21,655.05,38456100.0,10370100000.0,-0.009421122671183224,-0.67460823800176
2016-07-31,2016-31,655.1,655.28,624.37,624.68,110818000.0,10340900000.0,0.0,0.0
2016-08-01,2016-31,624.6,626.12,605.88,606.27,121887000.0,9860620000.0,-0.029471089197669165,0.09988449529859778
2016-08-02,2016-31,606.4,612.85,531.33,547.47,330933000.0,9574320000.0,-0.1235992828328103,1.98627479290368
2016-08-03,2016-31,548.66,573.36,541.55,566.36,207982000.0,8663670000.0,-0.0933598002177114,0.876788969301016
2016-08-04,2016-31,566.33,579.5,565.78,578.29,125292000.0,8943870000.0,-0.0742620221553435,0.13061055063256877
2016-08-05,2016-31,578.28,578.28,569.98,575.04,66127900.0,9133690000.0,-0.07946468591919065,-0.40327473876085107
2016-08-06,2016-31,575.03,588.4,569.47,587.78,80797300.0,9083510000.0,-0.05907024396491001,-0.27090093667093795
2016-08-07,2016-32,587.77,597.51,586.82,592.69,82398400.0,9285940000.0,0.0,0.0
2016-08-08,2016-32,592.74,592.99,588.05,591.05,61194100.0,9365440000.0,-0.00276704516695081,-0.2573387347327133
2016-08-09,2016-32,591.04,591.09,584.79,587.8,92228100.0,9339660000.0,-0.008250518820968944,0.1192947921318861
2016-08-10,2016-32,587.65,599.98,586.37,592.1,102905000.0,9286960000.0,-0.0009954613710372318,0.24887133730752042
2016-08-11,2016-32,592.12,597.54,589.12,589.12,74514400.0,9358770000.0,-0.0060233849061060996,-0.09568146954309797
2016-08-12,2016-32,588.8,589.91,583.81,587.56,69218000.0,9307250000.0,-0.008655452260034946,-0.15995941668770264
2016-08-13,2016-32,587.36,589.77,584.98,585.59,43563000.0,9285530000.0,-0.011979280905701217,-0.47131254975824777
2016-08-14,2016-33,585.59,585.67,564.78,570.47,60851100.0,9258730000.0,0.0,0.0
2016-08-15,2016-33,570.49,573.58,563.24,567.24,57262300.0,9021180000.0,-0.005661998001647794,-0.05897674816067422
2016-08-16,2016-33,567.24,581.74,566.72,577.44,58405200.0,8970770000.0,0.012217995687766381,-0.040194836247824606
2016-08-17,2016-33,577.76,580.89,571.43,573.22,54443000.0,9138030000.0,0.004820586533910598,-0.10530787446734735
2016-08-18,2016-33,573.71,577.79,573.43,574.32,59896600.0,9074760000.0,0.006748821147474882,-0.0156858298370941
2016-08-19,2016-33,574.34,578.24,574.18,575.63,50631600.0,9085820000.0,0.009045173278174001,-0.16794273234173251
2016-08-20,2016-33,576.08,582.82,575.46,581.7,45301400.0,9114500000.0,0.01968552246393318,-0.2555368760794793
2016-08-21,2016-34,581.94,584.16,580.22,581.31,38299400.0,9208210000.0,0.0,0.0
2016-08-22,2016-34,581.31,588.45,580.59,586.75,72844000.0,9199410000.0,0.009358173779910883,0.9019619106304537
2016-08-23,2016-34,586.77,589.47,581.63,583.41,85349200.0,9286930000.0,0.0036125303194509684,1.2284735531104927
2016-08-24,2016-34,583.41,583.59,579.86,580.18,56328200.0,9234800000.0,-0.0019438853623712227,0.4707332229747725
2016-08-25,2016-34,580.18,580.45,575.17,577.76,136130000.0,9184700000.0,-0.006106896492405034,2.5543637759338265
2016-08-26,2016-34,577.75,580.62,576.86,579.65,48856800.0,9147170000.0,-0.0028556192048991846,0.27565444889476076
2016-08-27,2016-34,579.45,579.85,568.63,569.95,59698300.0,9174990000.0,-0.019542068775696086,0.558726768565565
2016-08-28,2016-35,569.83,574.04,569.74,573.91,86301600.0,9023610000.0,0.0,0.0
2016-08-29,2016-35,574.07,576.28,573.47,574.11,110398000.0,9091830000.0,0.0003484866965204336,0.2792115094042289
2016-08-30,2016-35,574.11,578.36,574.11,577.5,70342400.0,9093530000.0,0.006255336202540596,-0.18492357036254248
2016-08-31,2016-35,577.59,577.86,573.64,575.47,75840900.0,9149730000.0,0.0027181962328588494,-0.12121096248505248
2016-09-01,2016-35,575.55,576.31,571.81,572.3,76923400.0,9118280000.0,-0.0028053179069889023,-0.10866774196538653
2016-09-02,2016-35,572.41,575.64,570.81,575.54,79910800.0,9069550000.0,0.002840166576640879,-0.07405192951231498
2016-09-03,2016-35,575.55,599.5,574.06,598.21,159014000.0,9120440000.0,0.042341133627223915,0.8425382611678114
2016-09-04,2016-36,598.59,611.84,596.85,608.63,97942900.0,9486370000.0,0.0,0.0
2016-09-05,2016-36,608.99,609.05,602.24,606.59,82446800.0,9652490000.0,-0.0033517900859306726,-0.15821565422302175
2016-09-06,2016-36,606.51,610.83,605.09,610.44,78529100.0,9614140000.0,0.0029738921840856136,-0.1982154908625332
2016-09-07,2016-36,610.57,614.54,608.51,614.54,75032400.0,9679610000.0,0.009710333043063901,-0.23391690464546178
2016-09-08,2016-36,614.63,628.77,613.84,626.32,86713000.0,9745120000.0,0.02906527775495804,-0.1146576219409472
2016-09-09,2016-36,626.35,626.83,620.26,622.86,64550200.0,9931980000.0,0.023380378883722575,-0.34094048675299593
2016-09-10,2016-36,622.93,625.1,622.39,623.51,45016800.0,9878730000.0,0.024448351215023978,-0.540377097267898
2016-09-11,2016-37,623.42,628.82,600.51,606.72,73610800.0,9887780000.0,0.0,0.0
2016-09-12,2016-37,607.0,608.46,605.41,608.24,72812300.0,9628560000.0,0.0025052742616034074,-0.010847593016242163
2016-09-13,2016-37,608.02,611.19,606.92,609.24,86920600.0,9645930000.0,0.004153481012658222,0.18081314154988126
2016-09-14,2016-37,608.84,611.95,608.41,610.68,47877700.0,9660080000.0,0.006526898734177111,-0.34958321333282616
2016-09-15,2016-37,610.59,611.09,607.15,607.15,59464600.0,9688940000.0,0.0007087289029534816,-0.19217560466670647
2016-09-16,2016-37,607.25,609.26,606.74,606.97,64963400.0,9637020000.0,0.0004120516877637037,-0.1174746097040108
2016-09-17,2016-37,607.22,607.86,605.19,605.98,37140300.0,9637600000.0,-0.0012196729957806296,-0.49545039586582407
2016-09-18,2016-38,606.28,610.16,605.86,609.87,48679400.0,9623950000.0,0.0,0.0
2016-09-19,2016-38,609.87,610.93,608.27,609.23,54796400.0,9681960000.0,-0.0010494039713381254,0.12565890294457205
2016-09-20,2016-38,609.25,609.52,607.94,608.31,72710900.0,9673140000.0,-0.00255792218013684,0.4936687798124053
2016-09-21,2016-38,603.59,603.59,595.88,597.15,82776200.0,9584260000.0,-0.020856903930345894,0.7004359133432212
2016-09-22,2016-38,597.28,598.49,596.21,596.3,67085300.0,9485280000.0,-0.02225064357977935,0.37810449594695084
2016-09-23,2016-38,596.2,603.21,595.79,602.84,51067000.0,9469130000.0,-0.011527046747667469,0.049047441012009196
2016-09-24,2016-38,602.96,604.58,602.04,602.63,35359500.0,9577520000.0,-0.01187138242576291,-0.2736249830523795
2016-09-25,2016-39,602.75,603.38,599.71,600.83,33977800.0,9575360000.0,0.0,0.0
2016-09-26,2016-39,600.81,608.14,600.35,608.04,59153800.0,9545830000.0,0.012000066574571644,0.7409543878650178
2016-09-27,2016-39,608.02,608.25,604.11,606.17,49422400.0,9661590000.0,0.008887705340944851,0.4545497354154773
2016-09-28,2016-39,606.24,606.59,604.61,604.73,48722600.0,9634530000.0,0.006491020754622712,0.433953934627904
2016-09-29,2016-39,605.02,606.82,604.85,605.69,55658600.0,9616160000.0,0.008088810478837694,0.6380872216564935
2016-09-30,2016-39,605.72,609.74,604.14,609.74,56122400.0,9628250000.0,0.014829485877868809,0.651737310832367
2016-10-01,2016-39,609.93,615.24,609.93,613.98,56357000.0,9696280000.0,0.021886390493150998,0.6586418190700987
2016-10-02,2016-40,613.95,614.0,609.68,610.89,39249800.0,9761330000.0,0.0,0.0
2016-10-03,2016-40,610.97,612.57,610.46,612.13,46798300.0,9714980000.0,0.0020298253368036256,0.19231945130930606
2016-10-04,2016-40,612.05,612.05,609.48,610.2,49801600.0,9733330000.0,-0.0011294995825761323,0.2688370386600696
2016-10-05,2016-40,610.22,613.81,609.62,612.51,68077500.0,9705320000.0,0.0026518685851790735,0.7344674367767479
2016-10-06,2016-40,612.47,613.82,611.47,613.02,56812100.0,9742370000.0,0.003486716102735432,0.4474494137549745
2016-10-07,2016-40,612.61,617.91,611.82,617.12,64071400.0,9745740000.0,0.010198235361521757,0.6324006746531192
2016-10-08,2016-40,617.34,619.85,617.34,619.11,42345900.0,9822100000.0,0.013455777635908328,0.07888193060856352
2016-10-09,2016-41,619.17,619.2,616.61,616.75,39243400.0,9852480000.0,0.0,0.0
2016-10-10,2016-41,616.82,621.32,616.2,618.99,67481100.0,9816270000.0,0.0036319416295096385,0.719552842006554
2016-10-11,2016-41,619.24,642.08,618.5,641.07,103590000.0,9855650000.0,0.039432509120389314,1.6396795384701632
2016-10-12,2016-41,640.87,641.34,635.97,636.19,92370200.0,10201000000.0,0.031520064856100705,1.3537766860159923
2016-10-13,2016-41,636.03,638.83,635.03,636.79,61620700.0,10125100000.0,0.0324929063640047,0.5702181768144452
2016-10-14,2016-41,637.01,641.28,637.01,640.38,58144600.0,10141600000.0,0.03831374138629906,0.4816402248530962
2016-10-15,2016-41,640.31,642.1,637.39,638.65,39035400.0,10195200000.0,0.035508715038508276,-0.005300254310278918
2016-10-16,2016-42,639.08,642.9,638.9,641.63,40298100.0,10176800000.0,0.0,0.0
2016-10-17,2016-42,641.82,642.33,638.66,639.19,58063600.0,10221300000.0,-0.0038028147062948436,0.4408520500966546
2016-10-18,2016-42,639.41,640.74,636.0,637.96,65546700.0,10184000000.0,-0.0057198073656156145,0.6265456684062027
2016-10-19,2016-42,638.13,638.87,628.01,630.52,69381700.0,10164800000.0,-0.017315275158580556,0.7217114454527633
2016-10-20,2016-42,630.66,631.92,628.26,630.86,56957300.0,10046700000.0,-0.01678537474868691,0.41339914288763
2016-10-21,2016-42,630.83,634.09,630.69,632.83,55951000.0,10050300000.0,-0.013715069432538973,0.3884277422508753
2016-10-22,2016-42,633.14,658.2,632.85,657.29,78556500.0,10088400000.0,0.024406589467450113,0.9493847104454056
2016-10-23,2016-43,657.62,661.13,653.89,657.07,54474600.0,10479700000.0,0.0,0.0
2016-10-24,2016-43,657.16,657.25,652.6,653.76,62218200.0,10473500000.0,-0.0050375150288402,0.14215065369915525
2016-10-25,2016-43,654.0,664.42,653.7,657.59,90378800.0,10424300000.0,0.0007913920891229331,0.6590998373553913
2016-10-26,2016-43,657.68,679.73,657.68,678.3,88877100.0,10484000000.0,0.032310103946306956,0.6315328611866815
2016-10-27,2016-43,678.21,688.59,678.04,688.31,96105300.0,10812500000.0,0.04754440166192331,0.7642222246698462
2016-10-28,2016-43,688.0,690.44,684.16,689.65,81145500.0,10969800000.0,0.049583758199278405,0.48960249363923736
2016-10-29,2016-43,690.29,720.4,690.05,714.48,134761000.0,11007600000.0,0.08737273045489813,1.4738318408946554
2016-10-30,2016-44,714.12,714.12,696.48,701.86,100665000.0,11388800000.0,0.0,0.0
2016-10-31,2016-44,702.64,709.29,691.68,700.97,97064400.0,11207200000.0,-0.0012680591570968236,-0.035768141856653224
2016-11-01,2016-44,701.34,736.45,701.34,729.79,130527000.0,11187700000.0,0.03979426096372496,0.29664729548502455
2016-11-02,2016-44,730.07,740.83,722.35,740.83,84865200.0,11647200000.0,0.05552389365400501,-0.15695425420950682
2016-11-03,2016-44,742.35,745.77,678.16,688.7,172808000.0,11844300000.0,-0.018750178098196124,0.7166641831818408
2016-11-04,2016-44,689.12,706.93,685.56,703.24,99907700.0,10996400000.0,0.001966204086285117,-0.007522972234639602
2016-11-05,2016-44,703.52,707.51,697.74,703.42,53752300.0,11227200000.0,0.002222665488843756,-0.46602791436944324
2016-11-06,2016-45,703.81,714.26,699.56,711.52,59902200.0,11233000000.0,0.0,0.0
2016-11-07,2016-45,710.74,710.74,699.9,703.13,65047100.0,11344800000.0,-0.011791657297054225,0.08588833131337403
2016-11-08,2016-45,703.09,712.99,702.39,709.85,79660800.0,11224000000.0,-0.0023470879244433807,0.32984765167222574
2016-11-09,2016-45,709.83,740.05,708.61,723.27,132429000.0,11333000000.0,0.016513941983359537,1.210753528251049
2016-11-10,2016-45,722.84,723.02,711.21,715.53,68807800.0,11542100000.0,0.005635821902406191,0.1486689971319919
2016-11-11,2016-45,715.55,718.32,714.41,716.41,63119700.0,11427200000.0,0.006872610748819508,0.05371255145887788
2016-11-12,2016-45,716.75,717.15,704.03,705.05,64622500.0,11447700000.0,-0.009093208904879746,0.07880011084734795
2016-11-13,2016-46,705.2,705.26,687.32,702.03,80318100.0,11264500000.0,0.0,0.0
2016-11-14,2016-46,702.0,706.28,699.81,705.02,62993000.0,11214600000.0,0.004259077247411147,-0.21570604882336608
2016-11-15,2016-46,705.79,715.72,705.26,711.62,72038500.0,11283400000.0,0.013660384883837029,-0.1030851078399514
2016-11-16,2016-46,711.17,747.62,709.04,744.2,141294000.0,11370700000.0,0.060068658034557076,0.7591800602852905
2016-11-17,2016-46,744.88,755.64,739.51,740.98,108579000.0,11911300000.0,0.05548195946042189,0.3518621580938792
2016-11-18,2016-46,740.71,752.88,736.89,751.59,87363100.0,11846000000.0,0.07059527370625185,0.08771372828789525
2016-11-19,2016-46,751.83,756.24,744.47,751.62,110608000.0,12025400000.0,0.07063800692278122,0.37712420986054207
2016-11-20,2016-47,751.88,755.48,717.94,731.03,154116000.0,12027500000.0,0.0,0.0
2016-11-21,2016-47,731.26,741.72,730.51,739.25,60802400.0,11698900000.0,0.011244408574203613,-0.605476394404215
2016-11-22,2016-47,739.64,753.87,736.53,751.35,129906000.0,11834200000.0,0.027796396864697925,-0.15708946507825272
2016-11-23,2016-47,751.74,752.25,738.92,744.59,76543800.0,12029000000.0,0.018549170348686195,-0.5033364478704352
2016-11-24,2016-47,744.62,746.83,733.49,740.29,85919300.0,11916500000.0,0.012667058807436016,-0.44250240078901604
2016-11-25,2016-47,740.44,741.65,734.59,741.65,67807600.0,11851100000.0,0.014527447573970953,-0.5600223208492304
2016-11-26,2016-47,741.51,742.21,729.63,735.38,54962700.0,11869600000.0,0.00595050818707854,-0.6433679825585923
2016-11-27,2016-48,735.44,739.02,731.09,732.03,52601800.0,11773800000.0,0.0,0.0
2016-11-28,2016-48,732.48,738.01,732.48,735.81,61888600.0,11727800000.0,0.005163722798245951,0.1765490914759571
2016-11-29,2016-48,736.33,737.47,734.56,735.6,68511100.0,11790900000.0,0.004876849309454645,0.3024478249793734
2016-11-30,2016-48,736.28,747.93,736.26,745.69,84070800.0,11791600000.0,0.018660437413767328,0.5982494895611936
2016-12-01,2016-48,746.05,758.27,746.05,756.77,80461900.0,11949200000.0,0.03379642910809677,0.5296415712009854
2016-12-02,2016-48,757.54,781.3,757.54,777.94,127605000.0,12134800000.0,0.0627160089067389,1.4258675558631073
2016-12-03,2016-48,778.25,778.25,764.86,771.15,69547300.0,12467800000.0,0.05344043276914889,0.3221467706428298
2016-12-04,2016-49,771.64,773.87,768.16,773.87,60557900.0,12363600000.0,0.0,0.0
2016-12-05,2016-49,773.39,773.47,751.71,758.7,106363000.0,12393100000.0,-0.019602775659994465,0.7563852115083252
2016-12-06,2016-49,758.72,765.62,758.72,764.22,116218000.0,12159400000.0,-0.012469794668355072,0.919122030321395
2016-12-07,2016-49,764.21,771.54,759.75,768.13,96426100.0,12248900000.0,-0.0074172664659438725,0.5922959679909641
2016-12-08,2016-49,768.08,774.7,765.95,770.81,80111900.0,12312500000.0,-0.003954152506234987,0.3228975905703466
2016-12-09,2016-49,769.94,774.53,769.65,772.79,68705300.0,12344000000.0,-0.0013955832374946686,0.13453901142542923
2016-12-10,2016-49,773.02,777.09,772.91,774.65,53843100.0,12394500000.0,0.001007921227079489,-0.11088231262973125
2016-12-11,2016-50,774.75,774.8,765.41,769.73,57313400.0,12423600000.0,0.0,0.0
2016-12-12,2016-50,770.04,781.92,770.04,780.09,76571000.0,12349800000.0,0.01345926493705596,0.3360051925029748
2016-12-13,2016-50,780.65,788.46,777.96,780.56,81645600.0,12521500000.0,0.014069868655242734,0.4245464411463986
2016-12-14,2016-50,780.0,782.03,776.84,781.48,75979000.0,12512900000.0,0.015265092954672488,0.3256760199185531
2016-12-15,2016-50,780.07,781.43,777.8,778.09,81580100.0,12511700000.0,0.010860951242643635,0.4234036019499803
2016-12-16,2016-50,778.96,785.03,778.96,784.91,83608200.0,12498800000.0,0.0197212009405896,0.45878974201495626
2016-12-17,2016-50,785.17,792.51,784.86,790.83,78989800.0,12599600000.0,0.027412209476050053,0.3782082375151361
2016-12-18,2016-51,791.01,794.74,788.03,790.53,60524400.0,12694800000.0,0.0,0.0
2016-12-19,2016-51,790.69,793.61,790.32,792.71,74886400.0,12691100000.0,0.0027576436061882426,0.2372927282220063
2016-12-20,2016-51,792.25,801.34,791.5,800.88,99629300.0,12717600000.0,0.013092482258737936,0.6461014070358402
2016-12-21,2016-51,800.64,834.28,799.4,834.28,155576000.0,12853700000.0,0.055342618243456876,1.5704674478392184
2016-12-22,2016-51,834.18,875.78,834.15,864.54,200027000.0,13393800000.0,0.09362073545595995,2.3048985202662067
2016-12-23,2016-51,864.89,925.12,864.68,921.98,275564000.0,13888600000.0,0.1662808495566266,3.5529406322078367
2016-12-24,2016-51,922.18,923.48,886.34,898.82,137727000.0,14810300000.0,0.13698404867620462,1.2755615916886414
2016-12-25,2016-52,899.65,899.65,862.42,896.18,143665000.0,14450100000.0,0.0,0.0
2016-12-26,2016-52,896.9,913.18,896.9,907.61,123771000.0,14407800000.0,0.01275413421410887,-0.13847492430306618
2016-12-27,2016-52,908.35,940.05,904.25,933.2,167308000.0,14593300000.0,0.04130866566984315,0.16457035464448544
2016-12-28,2016-52,934.83,975.92,934.83,975.92,236630000.0,15020500000.0,0.08897766073779811,0.647095673963735
2016-12-29,2016-52,975.13,979.4,954.5,973.5,199320000.0,15670000000.0,0.08627731036175779,0.3873942853165351
2016-12-30,2016-52,972.53,972.53,934.83,961.24,187474000.0,15630200000.0,0.07259702291950276,0.3049385723732294
2016-12-31,2016-52,960.63,963.74,947.24,963.74,99135100.0,15440700000.0,0.07538664107656956,-0.30995649601503494
2017-01-01,2017-01,963.66,1003.08,958.7,998.33,147775000.0,15491200000.0,0.0,0.0
2017-01-02,2017-01,998.62,1031.39,996.7,1021.75,222185000.0,16055100000.0,0.0234591768252983,0.5035357807477585
2017-01-03,2017-01,1021.6,1044.08,1021.6,1043.84,185168000.0,16426600000.0,0.04558612883515467,0.2530400947386229
2017-01-04,2017-01,1044.4,1159.42,1044.4,1154.73,344946000.0,16795400000.0,0.1566616249136057,1.3342649297919134
2017-01-05,2017-01,1156.73,1191.1,910.42,1013.38,510199000.0,18604000000.0,0.015075175543157071,2.452539333446117
2017-01-06,2017-01,1014.24,1046.81,883.94,902.2,351876000.0,16314100000.0,-0.0962908056454278,1.381160548130604
2017-01-07,2017-01,903.49,908.59,823.56,908.59,279550000.0,14534400000.0,-0.08989011649454592,0.8917272881069194
2017-01-08,2017-02,908.17,942.72,887.25,911.2,158715000.0,14611400000.0,0.0,0.0
2017-01-09,2017-02,913.24,913.69,879.81,902.83,141877000.0,14694900000.0,-0.00918568920105356,-0.10608953155026302
2017-01-10,2017-02,902.44,914.87,901.06,907.68,115808000.0,14522600000.0,-0.0038630377524144777,-0.2703399174621176
2017-01-11,2017-02,908.12,919.45,762.76,777.76,310929000.0,14615700000.0,-0.14644424934152767,0.9590397882997825
2017-01-12,2017-02,775.18,826.25,755.76,804.83,222326000.0,12477600000.0,-0.11673617208077258,0.4007875752134329
2017-01-13,2017-02,803.74,829.0,780.0,823.98,168968000.0,12939100000.0,-0.09571992976294996,0.06460006930661888
2017-01-14,2017-02,825.14,835.09,812.46,818.41,93063300.0,13285200000.0,-0.10183274802458309,-0.41364521311785274
2017-01-15,2017-03,818.14,823.31,812.87,821.8,71013600.0,13174300000.0,0.0,0.0
2017-01-16,2017-03,821.78,834.53,820.27,831.53,82755200.0,13234600000.0,0.011839863713799081,0.16534297655660324
2017-01-17,2017-03,830.95,910.56,830.8,907.94,155095000.0,13383900000.0,0.1048186906789974,1.184018272556243
2017-01-18,2017-03,909.37,917.5,858.3,886.62,225677000.0,14648900000.0,0.07887563884156745,2.177940563497696
2017-01-19,2017-03,888.34,904.61,884.34,899.07,105625000.0,14311700000.0,0.0940253102944757,0.48739114761116187
2017-01-20,2017-03,898.17,899.4,887.01,895.03,86728400.0,14472100000.0,0.08910927232903387,0.22129282278324158
2017-01-21,2017-03,895.55,927.37,895.53,921.79,111158000.0,14432000000.0,0.12167193964468237,0.5653058005790441
2017-01-22,2017-04,922.21,937.52,897.56,924.67,116573000.0,14863600000.0,0.0,0.0
2017-01-23,2017-04,925.5,928.27,916.74,921.01,73588600.0,14918800000.0,-0.003958168860242028,-0.3687337548145797
2017-01-24,2017-04,910.68,924.14,892.29,892.69,111349000.0,14681400000.0,-0.034585311516540984,-0.04481312139174598
2017-01-25,2017-04,891.92,903.25,891.69,901.54,120831000.0,14380700000.0,-0.025014329436447547,0.03652646839319562
2017-01-26,2017-04,902.39,919.33,902.22,917.59,131958000.0,14551200000.0,-0.007656785664074683,0.13197738755972654
2017-01-27,2017-04,918.36,923.22,915.85,919.75,125594000.0,14810400000.0,-0.005320817156390878,0.07738498623180323
2017-01-28,2017-04,919.81,923.91,919.81,921.59,68979600.0,14835800000.0,-0.0033309180572528296,-0.40827121203023
2017-01-29,2017-05,922.07,923.42,919.15,919.5,60851700.0,14874000000.0,0.0,0.0
2017-01-30,2017-05,920.15,923.05,919.47,920.38,78227300.0,14844900000.0,0.0009570418705817652,0.28554009173120876
2017-01-31,2017-05,920.96,972.02,920.96,970.4,164582000.0,14859700000.0,0.05535617183251773,1.7046409549774286
2017-02-01,2017-05,970.94,989.11,970.74,989.02,150110000.0,15667900000.0,0.07560630777596522,1.4668168678935838
2017-02-02,2017-05,990.0,1013.52,983.22,1011.8,145821000.0,15977800000.0,0.10038064165307237,1.3963340383259628
2017-02-03,2017-05,1011.46,1033.87,1008.79,1029.91,201278000.0,16326100000.0,0.12007612833061465,2.3076808043160666
2017-02-04,2017-05,1031.33,1045.9,1015.16,1042.9,155064000.0,16648800000.0,0.13420337139749883,1.5482279048900853
2017-02-05,2017-06,1043.52,1043.63,1022.37,1027.34,114208000.0,16847400000.0,0.0,0.0
2017-02-06,2017-06,1028.4,1044.64,1028.16,1038.15,111762000.0,16605400000.0,0.010522319777289013,-0.02141706360325024
2017-02-07,2017-06,1040.14,1061.93,1040.14,1061.35,146007000.0,16796600000.0,0.03310491171374608,0.2784305827963014
2017-02-08,2017-06,1062.32,1078.97,1037.49,1063.07,201855000.0,17156700000.0,0.03477913835731106,0.7674331045110676
2017-02-09,2017-06,1064.7,1088.99,953.34,994.38,407220000.0,17197100000.0,-0.03208285475110473,2.5655996077332586
2017-02-10,2017-06,995.63,998.9,946.69,988.67,190452000.0,16083600000.0,-0.03764089785270697,0.6675889604931353
2017-02-11,2017-06,988.9,1009.29,982.83,1004.45,102261000.0,15976700000.0,-0.022280841785582095,-0.10460738302045391
2017-02-12,2017-07,1003.52,1004.76,996.92,999.18,67530000.0,16214700000.0,0.0,0.0
2017-02-13,2017-07,998.88,1002.1,976.0,990.64,100607000.0,16141500000.0,-0.008547008547008517,0.4898119354361026
2017-02-14,2017-07,991.74,1011.51,986.47,1004.55,137946000.0,16028000000.0,0.005374407013751359,1.0427365615282098
2017-02-15,2017-07,1006.21,1008.84,1001.58,1007.48,89759400.0,16264100000.0,0.008306811585500284,0.32917814304753445
2017-02-16,2017-07,1007.65,1033.37,1007.65,1027.44,122277000.0,16289100000.0,0.028283192217618547,0.810706352732119
2017-02-17,2017-07,1026.12,1053.17,1025.64,1046.21,136474000.0,16589600000.0,0.04706859624892412,1.0209388419961498
2017-02-18,2017-07,1049.21,1061.1,1046.96,1054.42,99073500.0,16964800000.0,0.0552853339738586,0.4671035095513105
2017-02-19,2017-08,1054.76,1056.81,1043.46,1047.87,77423300.0,17056600000.0,0.0,0.0
2017-02-20,2017-08,1048.69,1080.49,1041.69,1079.98,109478000.0,16960200000.0,0.03064311412675247,0.4140187772931405
2017-02-21,2017-08,1079.28,1117.25,1076.93,1115.3,186869000.0,17456900000.0,0.06434958534932766,1.4136015902189651
2017-02-22,2017-08,1114.8,1125.39,1100.55,1117.44,136100000.0,18033400000.0,0.06639182341320993,0.7578687552713459
2017-02-23,2017-08,1117.27,1176.62,1116.96,1166.72,189454000.0,18075200000.0,0.11342055789363203,1.4469894721614809
2017-02-24,2017-08,1172.71,1200.39,1131.96,1173.68,330759000.0,18974400000.0,0.12006260318550988,3.272086051614953
2017-02-25,2017-08,1170.41,1174.85,1124.59,1143.84,139961000.0,18939500000.0,0.09158578831343589,0.8077374640450614
2017-02-26,2017-09,1144.27,1167.47,1130.2,1165.2,116486000.0,18518900000.0,0.0,0.0
2017-02-27,2017-09,1163.78,1181.98,1163.38,1179.97,131570000.0,18837300000.0,0.012675935461723187,0.12949195611489794
2017-02-28,2017-09,1180.72,1193.25,1171.82,1179.97,184956000.0,19113600000.0,0.012675935461723187,0.5877959583125869
2017-03-01,2017-09,1180.04,1222.5,1179.69,1222.5,229057000.0,19104800000.0,0.04917610710607612,0.9663908109128994
2017-03-02,2017-09,1224.68,1262.13,1215.62,1251.01,368275000.0,19829800000.0,0.07364400961208362,2.1615387256837733
2017-03-03,2017-09,1250.71,1280.31,1250.71,1274.99,315739000.0,20253700000.0,0.09422416752488849,1.7105317377195544
2017-03-04,2017-09,1277.43,1279.4,1230.51,1255.15,183270000.0,20688800000.0,0.07719704771713021,0.5733221159624333
2017-03-05,2017-10,1254.29,1267.29,1238.06,1267.12,134127000.0,20316000000.0,0.0,0.0
2017-03-06,2017-10,1267.47,1276.0,1264.6,1272.83,153657000.0,20531900000.0,0.004506281962245229,0.14560826679192118
2017-03-07,2017-10,1273.21,1275.55,1204.8,1223.54,291256000.0,20627100000.0,-0.034392954100637585,1.1714941808882626
2017-03-08,2017-10,1223.23,1232.16,1148.08,1150.0,332603000.0,19819800000.0,-0.09243007765641764,1.4797617183713943
2017-03-09,2017-10,1150.35,1197.46,1141.23,1188.49,212283000.0,18640900000.0,-0.062054106951196286,0.5827014695027846
2017-03-10,2017-10,1189.36,1270.47,1077.25,1116.72,563796000.0,19275300000.0,-0.11869436201780403,3.203448970006039
2017-03-11,2017-10,1116.32,1193.83,1116.32,1175.83,283320000.0,18093700000.0,-0.07204526800934397,1.1123263772394818
2017-03-12,2017-11,1176.62,1226.98,1175.36,1221.38,227176000.0,19073300000.0,0.0,0.0
2017-03-13,2017-11,1221.78,1237.37,1217.03,1231.92,380277000.0,19807700000.0,0.008629582930783197,0.6739312251294152
2017-03-14,2017-11,1232.16,1244.81,1220.72,1240.0,245306000.0,19978200000.0,0.015245050680377847,0.0798059654188823
2017-03-15,2017-11,1240.16,1251.61,1239.75,1249.61,297805000.0,20110400000.0,0.023113199823150632,0.3108999190055288
2017-03-16,2017-11,1251.33,1257.98,1152.44,1187.81,638568000.0,20293700000.0,-0.027485303509145576,1.8108955171320913
2017-03-17,2017-11,1180.16,1180.16,1099.57,1100.23,706599000.0,19141800000.0,-0.09919107894349022,2.110359368947424
2017-03-18,2017-11,1099.69,1114.07,957.65,973.82,621302000.0,17838700000.0,-0.2026887618922858,1.7348927703630665
2017-03-19,2017-12,976.73,1069.91,976.73,1036.74,406648000.0,15846000000.0,0.0,0.0
2017-03-20,2017-12,1037.24,1063.03,1036.68,1054.23,286530000.0,16829800000.0,0.01687018924706285,-0.2953856898349433
2017-03-21,2017-12,1055.36,1122.43,1055.36,1120.54,337391000.0,17125600000.0,0.08083029496305727,-0.17031191595679807
2017-03-22,2017-12,1120.65,1120.65,1014.21,1049.14,380841000.0,18187100000.0,0.011960568705750907,-0.06346274910979521
2017-03-23,2017-12,1050.05,1058.01,1028.93,1038.59,248540000.0,17043400000.0,0.0017844396859385547,-0.3888080108595149
2017-03-24,2017-12,1038.45,1040.47,934.36,937.52,491038000.0,16857000000.0,-0.09570384088585371,0.20752591922252162
2017-03-25,2017-12,936.54,975.76,903.71,972.78,435803000.0,15204800000.0,-0.06169338503385613,0.07169591391080243
2017-03-26,2017-13,974.01,1007.96,954.19,966.73,303668000.0,15814800000.0,0.0,0.0
2017-03-27,2017-13,972.05,1046.4,971.98,1045.77,372535000.0,15785000000.0,0.08176016054120594,0.2267838560533213
2017-03-28,2017-13,1044.58,1064.65,1027.73,1047.15,326332000.0,16964500000.0,0.08318765322272004,0.0746341399159609
2017-03-29,2017-13,1046.08,1055.13,1015.88,1039.97,298458000.0,16990900000.0,0.07576055361890077,-0.01715689503009865
2017-03-30,2017-13,1042.21,1049.29,1020.04,1026.43,352969000.0,16929800000.0,0.06175457470027834,0.1623516471936457
2017-03-31,2017-13,1026.64,1074.92,1026.64,1071.79,447287000.0,16679000000.0,0.10867563849265038,0.4729474294295086
2017-04-01,2017-13,1071.71,1091.72,1061.09,1080.5,289634000.0,17413000000.0,0.11768539302597425,-0.04621494526917558
2017-04-02,2017-14,1080.61,1107.59,1075.45,1102.17,514187000.0,17559400000.0,0.0,0.0
2017-04-03,2017-14,1102.95,1151.74,1102.95,1143.81,580444000.0,17924600000.0,0.03778001578703827,0.12885778909229528
2017-04-04,2017-14,1145.52,1156.44,1120.52,1133.25,436310000.0,18619000000.0,0.02819891668254426,-0.1514565712474255
2017-04-05,2017-14,1134.14,1135.09,1113.63,1124.78,414784000.0,18435700000.0,0.02051407677581496,-0.19332071794891736
2017-04-06,2017-14,1125.81,1188.37,1125.81,1182.68,511222000.0,18302600000.0,0.07304680766125005,-0.00576638460326695
2017-04-07,2017-14,1178.94,1186.58,1163.39,1176.9,317022000.0,19168500000.0,0.0678026075832221,-0.38344998998418867
2017-04-08,2017-14,1172.65,1184.98,1162.58,1175.95,209312000.0,19068600000.0,0.06694067158423844,-0.5929263089109604
2017-04-09,2017-15,1176.57,1197.21,1171.86,1187.87,242343000.0,19134400000.0,0.0,0.0
2017-04-10,2017-15,1187.3,1190.34,1179.04,1187.13,215883000.0,19311200000.0,-0.0006229637923339526,-0.10918409031826792
2017-04-11,2017-15,1187.46,1208.07,1187.46,1205.01,216182000.0,19316000000.0,0.01442918837919982,-0.10795030184490573
2017-04-12,2017-15,1204.81,1207.14,1196.76,1200.37,288702000.0,19600800000.0,0.010523037032671878,0.1912949827310877
2017-04-13,2017-15,1201.02,1205.89,1156.44,1169.28,351969000.0,19541300000.0,-0.015649860674989635,0.45235884675852
2017-04-14,2017-15,1170.33,1190.8,1159.79,1167.54,254827000.0,19043800000.0,-0.017114667429937613,0.051513763550009806
2017-04-15,2017-15,1167.3,1188.0,1164.96,1172.52,203559000.0,18996500000.0,-0.012922289476121063,-0.16003763261162895
2017-04-16,2017-16,1172.61,1187.22,1172.61,1182.94,183231000.0,19085100000.0,0.0,0.0
2017-04-17,2017-16,1183.25,1194.9,1172.65,1193.91,253206000.0,19260500000.0,0.00927350499602686,0.3818949850189106
2017-04-18,2017-16,1193.77,1217.57,1193.77,1211.67,270524000.0,19433800000.0,0.024286946083486916,0.4764095595177671
2017-04-19,2017-16,1212.13,1215.51,1205.08,1210.29,288061000.0,19734800000.0,0.023120361134123302,0.5721193466171117
2017-04-20,2017-16,1211.08,1240.79,1208.41,1229.08,315108000.0,19719900000.0,0.03900451417654316,0.71973083157326
2017-04-21,2017-16,1229.42,1235.94,1215.56,1222.05,272167000.0,20020700000.0,0.03306169374609014,0.4853763828173181
2017-04-22,2017-16,1222.71,1235.56,1208.47,1231.71,249320000.0,19913900000.0,0.041227788391634324,0.36068678334997895
2017-04-23,2017-17,1231.92,1232.2,1203.94,1207.21,258951000.0,20066200000.0,0.0,0.0
2017-04-24,2017-17,1209.63,1250.94,1209.63,1250.15,235806000.0,19705400000.0,0.035569619204612435,-0.08937984406316257
2017-04-25,2017-17,1250.45,1267.58,1249.97,1265.49,242556000.0,20372300000.0,0.048276604733227924,-0.06331313646211056
2017-04-26,2017-17,1265.99,1294.83,1265.93,1281.08,329631000.0,20627900000.0,0.061190679334995446,0.2729473915914593
2017-04-27,2017-17,1281.88,1319.7,1281.3,1317.73,449197000.0,20889200000.0,0.09154993745909978,0.7346795339658854
2017-04-28,2017-17,1317.74,1331.28,1292.37,1316.48,527489000.0,21476000000.0,0.09051449209333917,1.0370224482624124
2017-04-29,2017-17,1317.84,1327.2,1315.21,1321.79,422706000.0,21479800000.0,0.09491306400709076,0.6323783264015199
2017-04-30,2017-18,1321.87,1347.91,1314.92,1347.89,413115000.0,21548400000.0,0.0,0.0
2017-05-01,2017-18,1348.3,1434.32,1348.3,1421.6,713624000.0,21981800000.0,0.054685471366357596,0.7274221463757065
2017-05-02,2017-18,1421.03,1473.9,1415.69,1452.82,477338000.0,23170200000.0,0.07784759883966785,0.15546034397201747
2017-05-03,2017-18,1453.78,1492.77,1447.49,1490.09,583796000.0,23707100000.0,0.10549822314877311,0.4131561429626134
2017-05-04,2017-18,1490.72,1608.91,1490.72,1537.67,933549000.0,24311900000.0,0.1407978395863163,1.2597799644166878
2017-05-05,2017-18,1540.87,1618.03,1530.31,1555.45,946036000.0,25133100000.0,0.15398882698143024,1.2900064146787216
2017-05-06,2017-18,1556.81,1578.8,1542.5,1578.8,582530000.0,25395600000.0,0.17131219906668926,0.41009162097720964
2017-05-07,2017-19,1579.47,1596.72,1559.76,1596.71,1080030000.0,25768500000.0,0.0,0.0
2017-05-08,2017-19,1596.92,1723.35,1596.92,1723.35,1340320000.0,26056500000.0,0.07931308753624622,0.24100256474357185
2017-05-09,2017-19,1723.89,1833.49,1716.3,1755.36,1167920000.0,28132200000.0,0.09936056015181216,0.08137736914715332
2017-05-10,2017-19,1756.52,1788.44,1719.1,1787.13,915723000.0,28668100000.0,0.11925772369434662,-0.15213188522541043
2017-05-11,2017-19,1780.37,1873.93,1755.35,1848.57,799490000.0,29060600000.0,0.1577368463903901,-0.25975204392470574
2017-05-12,2017-19,1845.76,1856.15,1694.01,1724.24,740984000.0,30131100000.0,0.07987048368207117,-0.3139227614047758
2017-05-13,2017-19,1723.12,1812.99,1651.08,1804.91,579635000.0,28132300000.0,0.13039312085475752,-0.463315833819431
2017-05-14,2017-20,1800.86,1831.42,1776.62,1808.91,437196000.0,29405100000.0,0.0,0.0
2017-05-15,2017-20,1808.44,1812.8,1708.54,1738.43,731529000.0,29532600000.0,-0.03896269023887311,0.6732289407954326
2017-05-16,2017-20,1741.7,1785.94,1686.54,1734.45,959045000.0,28446300000.0,-0.041162910260875374,1.1936271146122106
2017-05-17,2017-20,1726.73,1864.05,1661.91,1839.09,1064730000.0,28204800000.0,0.01668408046834835,1.435360799275382
2017-05-18,2017-20,1818.7,1904.48,1807.12,1888.65,894321000.0,29710500000.0,0.04408179511418475,1.0455836741415752
2017-05-19,2017-20,1897.37,2004.52,1890.25,1987.71,1157290000.0,30999000000.0,0.09884405525979734,1.647073623729403
2017-05-20,2017-20,1984.24,2084.73,1974.92,2084.73,961336000.0,32422400000.0,0.15247856443935848,1.1988673272399564
2017-05-21,2017-21,2067.03,2119.08,2037.5,2041.2,1147860000.0,33779400000.0,0.0,0.0
2017-05-22,2017-21,2043.19,2303.9,2017.87,2173.4,1942220000.0,33393600000.0,0.06476582402508324,0.6920356140992805
2017-05-23,2017-21,2191.56,2320.82,2178.5,2320.42,1378750000.0,35822600000.0,0.1367920830883793,0.20114822365096785
2017-05-24,2017-21,2321.37,2523.72,2321.37,2443.64,1725380000.0,37949200000.0,0.19715853419557106,0.503127559109996
2017-05-25,2017-21,2446.24,2763.71,2285.3,2304.98,2406700000.0,39995400000.0,0.12922790515383098,1.096684264631575
2017-05-26,2017-21,2320.89,2573.79,2071.99,2202.42,1763480000.0,37950600000.0,0.0789829512051734,0.5363197602495078
2017-05-27,2017-21,2196.27,2260.2,1855.83,2038.87,1700480000.0,35917100000.0,-0.0011414854007447683,0.48143501820779533
2017-05-28,2017-22,2054.08,2267.34,2054.08,2155.8,1147140000.0,33595900000.0,0.0,0.0
2017-05-29,2017-22,2159.43,2307.05,2107.17,2255.61,994625000.0,35323500000.0,0.04629835791817416,-0.1329523859337134
2017-05-30,2017-22,2255.36,2301.96,2124.57,2175.47,1443970000.0,36897000000.0,0.009124223026254485,0.2587565597921788
2017-05-31,2017-22,2187.19,2311.08,2145.57,2286.41,1544830000.0,35786700000.0,0.06058539753223835,0.3466795683177293
2017-06-01,2017-22,2288.33,2448.39,2288.33,2407.88,1653180000.0,37446200000.0,0.11693106967251121,0.44113185836079283
2017-06-02,2017-22,2404.03,2488.55,2373.32,2488.55,1317030000.0,39344600000.0,0.15435105297337404,0.14809874993462002
2017-06-03,2017-22,2493.72,2581.91,2423.57,2515.35,1514950000.0,40817100000.0,0.1667826328973001,0.3206321809020696
2017-06-04,2017-23,2547.79,2585.89,2452.54,2511.81,1355120000.0,41708200000.0,0.0,0.0
2017-06-05,2017-23,2512.4,2686.81,2510.22,2686.81,1369310000.0,41133900000.0,0.06967087478750389,0.010471397367022739
2017-06-06,2017-23,2690.84,2999.91,2690.84,2863.2,2089610000.0,44061000000.0,0.13989513538046272,0.542011039612728
2017-06-07,2017-23,2869.38,2869.38,2700.56,2732.16,1517710000.0,46989800000.0,0.08772558433957989,0.11998199421453459
2017-06-08,2017-23,2720.49,2815.3,2670.95,2805.62,1281170000.0,44557100000.0,0.11697142697895146,-0.05457081291693722
2017-06-09,2017-23,2807.44,2901.71,2795.62,2823.81,1348950000.0,45987100000.0,0.12421321676400687,-0.004553102308282653
2017-06-10,2017-23,2828.14,2950.99,2746.55,2947.71,2018890000.0,46331400000.0,0.17354019611355964,0.4898237794438869
2017-06-11,2017-24,2942.41,2996.6,2840.53,2958.11,1752400000.0,48208700000.0,0.0,0.0
2017-06-12,2017-24,2953.22,2997.26,2518.56,2659.63,2569530000.0,48391200000.0,-0.10090226529777457,0.46629194247888606
2017-06-13,2017-24,2680.91,2789.04,2650.38,2717.02,1781200000.0,43934100000.0,-0.08150136404663788,0.01643460397169605
2017-06-14,2017-24,2716.88,2786.83,2412.94,2506.37,1696560000.0,44528300000.0,-0.15271237377920366,-0.03186487103401048
2017-06-15,2017-24,2499.58,2534.71,2212.96,2464.58,2026260000.0,40971300000.0,-0.1668396374712232,0.15627710568363384
2017-06-16,2017-24,2469.57,2539.92,2385.15,2518.56,1195190000.0,40484100000.0,-0.14859149930191917,-0.31796964163433006
2017-06-17,2017-24,2514.01,2685.19,2484.96,2655.88,1534510000.0,41217200000.0,-0.10216996663410083,-0.12433805067336223
2017-06-18,2017-25,2655.35,2662.1,2516.33,2548.29,1178660000.0,43539300000.0,0.0,0.0
2017-06-19,2017-25,2549.03,2662.85,2549.03,2589.6,1446840000.0,41800600000.0,0.016210870819255208,0.22752956747492914
2017-06-20,2017-25,2591.26,2763.45,2589.82,2721.79,1854190000.0,42498000000.0,0.06808487260084206,0.5731338978161642
2017-06-21,2017-25,2709.43,2772.01,2660.4,2689.1,1626580000.0,44440800000.0,0.055256662310804394,0.38002477389578004
2017-06-22,2017-25,2691.03,2723.74,2642.36,2705.41,1097940000.0,44143700000.0,0.061657032755298546,-0.06848455025198108
2017-06-23,2017-25,2707.34,2765.17,2706.37,2744.91,961319000.0,44415900000.0,0.07715762334742116,-0.18439668776407103
2017-06-24,2017-25,2738.52,2757.94,2583.19,2608.72,982750000.0,44932900000.0,0.02371394150587247,-0.1662141754195442
